<rss version="2.0">
	<channel>
		<title>Bobcat's Blog</title>
		<link>https://hbmmods.github.io/</link>
		<language>en</language>
		<description>Bobcat's Blog - https://hbmmods.github.io/</description>
		
		<item>
			<title>What to do with all your riches</title>
			<guid>https://hbmmods.github.io/blog/20251212-annihilator.html</guid>
			<link>https://hbmmods.github.io/blog/20251212-annihilator.html</link>
			<description>Generating capital and destroying it too.</description>
			<pubDate>2025-12-12</pubDate>
		</item>
		
		<item>
			<title>Compatibility Bulletin</title>
			<guid>https://hbmmods.github.io/bulletin.html</guid>
			<link>https://hbmmods.github.io/bulletin.html</link>
			<description>The important things.</description>
			<pubDate>2025-12-05</pubDate>
		</item>
		
		<item>
			<title>Fusion And The Things That Bind Us</title>
			<guid>https://hbmmods.github.io/blog/20251024-fusion.html</guid>
			<link>https://hbmmods.github.io/blog/20251024-fusion.html</link>
			<description>Do you know who ate all the donuts?</description>
			<pubDate>2025-10-24</pubDate>
		</item>
		
		<item>
			<title>Choice</title>
			<guid>https://hbmmods.github.io/blog/20250923-options.html</guid>
			<link>https://hbmmods.github.io/blog/20250923-options.html</link>
			<description>It's like being flayed alive.</description>
			<pubDate>2025-09-23</pubDate>
		</item>
		
		<item>
			<title>Trains: An Odyssey</title>
			<guid>https://hbmmods.github.io/blog/20250822-trains.html</guid>
			<link>https://hbmmods.github.io/blog/20250822-trains.html</link>
			<description>The horrible world of railway.</description>
			<pubDate>2025-08-22</pubDate>
		</item>
		
		<item>
			<title>Intermission</title>
			<guid>https://hbmmods.github.io/blog/20250818-break.html</guid>
			<link>https://hbmmods.github.io/blog/20250818-break.html</link>
			<pubDate>2025-08-18</pubDate>
		</item>
		
		<item>
			<title>Factorioization</title>
			<guid>https://hbmmods.github.io/blog/20250606-factorioization.html</guid>
			<link>https://hbmmods.github.io/blog/20250606-factorioization.html</link>
			<description>In the end, all becomes crab.</description>
			<pubDate>2025-06-06</pubDate>
		</item>
		
		<item>
			<title>In the trenches</title>
			<guid>https://hbmmods.github.io/blog/20250530-trenches.html</guid>
			<link>https://hbmmods.github.io/blog/20250530-trenches.html</link>
			<description>World gen schenanigans and structure pain.</description>
			<pubDate>2025-05-30</pubDate>
		</item>
		
		<item>
			<title>Making of: Trenchmaster</title>
			<guid>https://hbmmods.github.io/blog/20250420-trenchmaster.html</guid>
			<link>https://hbmmods.github.io/blog/20250420-trenchmaster.html</link>
			<description>The story of how our favorite war criminal was made.</description>
			<pubDate>2025-04-20</pubDate>
		</item>
		
		<item>
			<title>Nodespace</title>
			<guid>https://hbmmods.github.io/blog/20250228-nodespace.html</guid>
			<link>https://hbmmods.github.io/blog/20250228-nodespace.html</link>
			<description>The arcane art of connecting two things. Sometimes more.</description>
			<pubDate>2025-02-28</pubDate>
		</item>
		
		<item>
			<title>Getting info in people's heads</title>
			<guid>https://hbmmods.github.io/blog/20250122-qmaw.html</guid>
			<link>https://hbmmods.github.io/blog/20250122-qmaw.html</link>
			<description>Documentation: Everyone loves having it, few people love making it. The history of NTM's attempts at documentation, as well as the upcoming QMAW system.</description>
			<pubDate>2025-01-22</pubDate>
		</item>
		
		<item>
			<title>How to handle (emotional) damage</title>
			<guid>https://hbmmods.github.io/blog/20241119-damage.html</guid>
			<link>https://hbmmods.github.io/blog/20241119-damage.html</link>
			<description>Minecraft's damage system sucks, and in order for guns to work properly we'll have to come up with something better.</description>
			<pubDate>2024-11-19</pubDate>
		</item>
		
		<item>
			<title>Mark 6</title>
			<guid>https://hbmmods.github.io/blog/20241115-mk6.html</guid>
			<link>https://hbmmods.github.io/blog/20241115-mk6.html</link>
			<description>The hat man came to me in my dreams and showed me how to make bombs even better.</description>
			<pubDate>2024-11-15</pubDate>
		</item>
		
		<item>
			<title>Enemy Desing</title>
			<guid>https://hbmmods.github.io/blog/20241018-enemy.html</guid>
			<link>https://hbmmods.github.io/blog/20241018-enemy.html</link>
			<description>We got guns, now what do we shoot with them?</description>
			<pubDate>2024-10-18</pubDate>
		</item>
		
		<item>
			<title>INDEX</title>
			<guid>https://hbmmods.github.io/blog/20240913-index.html</guid>
			<link>https://hbmmods.github.io/blog/20240913-index.html</link>
			<description>The story of Redstone-over-Radio, and some of its future capabilities.</description>
			<pubDate>2024-09-13</pubDate>
		</item>
		
		<item>
			<title>The NTM Design Bibble</title>
			<guid>https://hbmmods.github.io/blog/20240816-bibble.html</guid>
			<link>https://hbmmods.github.io/blog/20240816-bibble.html</link>
			<description>NTM has (loosely) followed some design principles for the better part of its development, in today's yapping session we go over some of them.</description>
			<pubDate>2024-08-16</pubDate>
		</item>
		
		<item>
			<title>Guns! Guns! Guns!</title>
			<guid>https://hbmmods.github.io/blog/20240715-guns.html</guid>
			<link>https://hbmmods.github.io/blog/20240715-guns.html</link>
			<description>More boring yapping about how guns worked, and how they could be better.</description>
			<pubDate>2024-07-15</pubDate>
		</item>
		
		<item>
			<title>The History Of Things That Go Boom</title>
			<guid>https://hbmmods.github.io/blog/20240705-algorithm.html</guid>
			<link>https://hbmmods.github.io/blog/20240705-algorithm.html</link>
			<description>A little history lesson on how nuclear explosions worked, and what we can expect in the near future.</description>
			<pubDate>2024-07-05</pubDate>
		</item>
		
		<item>
			<title>In The Matters Of Bedrock Ores</title>
			<guid>https://hbmmods.github.io/blog/20240704-bedrock.html</guid>
			<link>https://hbmmods.github.io/blog/20240704-bedrock.html</link>
			<description>Bedrock ores are kinda dumb if you think about it - too many types, too much maximum yield, nether ores being horrendous, too little processing variety...what do?</description>
			<pubDate>2024-07-04</pubDate>
		</item>
		
	</channel>
</rss>
